{"frag_xyz": [["matrices.npz", 112]], "xyz": [["matrices.npz", 259]], "cycle_energies": [["matrices.npz", 331]], "mo_energies": [["matrices.npz", 393]], "C": [["matrices.npz", 411]], "mulliken": [["matrices.npz", 1253]], "elconf": [[[[0, 1]], 112]], "nuc_rep": [[40.34541254, 269]], "n_occ": [[[9, 9], 270]], "bas_name": [["non-standard", 271]], "nbas": [[82, 272]], "one_electron": [[-236.8344803341, 344]], "tot_coulomb": [[96.2487647211, 345]], "alpha_exc": [[-7.4089098892, 346]], "beta_exc": [[-7.4089098892, 347]], "dft_exc": [[0.0, 348]], "dft_corr": [[0.0, 349]], "nuc_repu": [[40.3454125474, 350]], "nuc_attr": [[-351.6343775637, 351]], "kin_energy": [[114.7998972295, 352]], "scf_energy": [[-115.05812284, 383]], "has_finished": [[true, 1308]]}